表名,字段名
dim_bb_color,bb_percent、color_code、color、yas_load_time
dim_bin_color,product_type、bin、bin_type、color_code、color、yas_load_time
dim_calendar,mfgdate、mfgyear、mfgmonth、mfgweek、jobshift_day、jobshift_night、mfg_week、week_day、week_days、month_days、date_start、date_end、week_start、week_end、month_start、month_end、yas_load_time
dim_downgrade_ratio_fcst,project、fab_site_id、ratio、yas_load_time
dim_fdc_indicator,eqp_id、indicator_name、ucl、lcl、usl、lsl、uml、lml、company、section、eqp_group、fp_version、fp_name、module_id、module_name、module_type_name、recipe_id、recipe_alias、fp_deployed_ts、owning_fab、fab_site_id、yas_load_time
dim_ft_dut_map,tool_type、type_no、site、dut、x、y、dsa_no、yas_load_time
dim_insp_layer,layer_id、fab_site_id、owning_fab、yas_load_time
dim_insp_param,param_id、value_type、definition、fab_site_id、owning_fab、yas_load_time
dim_met_defect_chart,bin_type、bin_id、class_name、chart_name、modify_by、modify_date、checked、yas_load_time
dim_met_inline_pam,parameter_name、measure_group、measure_stage、measure_route_id、measure_step_id、measure_step_seq、measure_edc_plan、yas_load_time
dim_met_inline_param,product_id、recipe_name、parameter_name、measure_stage、measure_step_seq、test_item、process_stage、chart_type、module、yas_load_time
dim_met_inline_site,parameter_name、product_id、site_id、product_type、die_x、die_y、shot_x、shot_y、site_x、site_y、wafer_x、wafer_y、radius、modify_user、yas_load_time
dim_met_param,parameter_name、measure_group、measure_stage、measure_route_id、measure_step_id、measure_step_seq、measure_edc_plan、yas_load_time
dim_met_site,parameter_name、product_id、site_id、product_type、die_x、die_y、site_x、site_y、wafer_x、wafer_y、radius、modify_user、yas_load_time
dim_site_fab_mapping,id、fab_site_id、owning_fab、update_time
dim_unbiased_constant,n、d2、d3、d4、c4、c5、yas_load_time
dim_voc_eqp_setting_par,eqp_type、eqp_key、eqp_id、measure_item、updatetime、system_type、x_axis_type、yas_load_time
dim_wat_param,product_type、test_type、parameter_name、parameter_id、unit、parameter_type、product_id、yas_load_time
dim_wat_site,product_type、test_type、site_id、site_count、die_x、die_y、site_x、site_y、product_id、modify_user、yas_load_time
dim_wip_eqp,eqp_id、module、segment、eqp_type、eqp_model、construct_type、process_type、port_type、default_stocker_id、default_stocker_port、track_in_unit、allow_multi_lot、allow_multi_ppid、nick_eqp_id、parent_eqp_id、seq、chamber_flag、furnace_flag、capability_name、buffer_capacity、max_batch_carriers、min_batch_carriers、max_batch_wafers、min_batch_wafers、max_batch、comments、floor、fab_layout_area、sort_site、area、sub_area、yas_load_time
dim_wip_lot_type,lot_type、description、category、fab_site_id、owning_fab、yas_load_time
dim_wip_product,product_id、product_group、product_type、product_stage、product_center、wafer_type、active_version、top_plan_id、owner、product_usage、technology、max_recycle_cnt、max_usage_cnt、ship_requirement、project_code、fab_site_id、owning_fab、yas_load_time
dim_ws_bin,product_type、bin_code、product_id、test_step、bin_type、bin_name、bin_flag、bin_color、yas_load_time
dim_ws_datalevel,product_type、datalevel_type、id、owning_fab、fab_site_id、yas_load_time
dim_ws_grade_forecast,product_id、forecast、yas_load_time
dim_ws_param,product_type、data_type、test_type、test_item、parameter_name、parameter_id、yas_load_time
dim_ws_param_spec,product_type、test_step、test_number、test_item、parameter、val_kind、median、avg、sigma、ucl、lcl、highlight_type、yas_load_time
dim_ws_wl,product_type、test_item、tier、wl_id、wl_seq、yas_load_time
dim_ws_zone,product_type、zone_name、die_x、die_y、zone_id、yas_load_time
dim_yield_fcst,product_type、ws_grade_category、yield_type、product_id、fcst_yield、fab_site_id、owning_fab、yas_load_time
dwd_abnormal_label,wafer_id、abnormal_type、abnormal_no、stage、status、abnormal_time、yas_load_time
dwd_bb_predraw_list,wafer_id、start_time、test_number、test_item、plane_id、yas_load_time
dwd_binmap_predraw_list,wafer_id、start_time、yas_load_time
dwd_defect_chart_wafer,wafer_id、start_time、chart_id、lot_id、wafer_no、product_id、owning_fab、fab_site_id、current_fab、defect_qty、target_value、valid_high、valid_low、control_high、control_low、scrap_high、scrap_low、lot_type、module、layer、capability、parameter_type、scan_type、test_step、process_recipe、process_step、process_chamber、process_subchamber、process_start_time、process_eqp、measure_eqp、class_type、code_name、code、spc_flag_extern、spc_flag_intern、yas_load_time
dwd_eqp_pm,eqp_id、start_time、end_time、plan_start_time、plan_end_time、pm_type、eqp_group、owning_fab、fab_site_id、yas_load_time
dwd_fac_material,eqp_id、operation_time、module、operation、pipe_device_id、pipe_material_id、tool_id、tool_no、structure、material_name、material_type、steel_cylinder_no、pn、batch、vendor、owning_fab、fab_site_id、yas_load_time
dwd_fdc_indicator_dtl_v,eqp_id、start_time、indicator_name、indicator_value、material_name、fdc_context_id、strategy_id、strategy_name、fp_key、fp_name、fp_version、dc_context_id、eqp_name、eqp_type、module_id、module_name、module_type、recipe_id、recipe_name、recipe_alias、indicator_id、lcl、lml、lsl、ucl、uml、usl、alarm_level、stop_time、product_id、lot_id、wafer_id、plan_id、route_id、stage、step_seq、dcqv、run_id、prog_class、prog_group、prog_name、physical_recipe、strategy_uuid、model、aggregation_plan_key、control_job_id、process_job_id、process_job_name、aux1、aux2、process、slot_num、product_type、carrier、lot_type、sub_route、input_load_port、reticle_name、operation、rule、owning_fab、fab_site_id、current_fab、section、yas_load_time
dwd_fdc_rawtrace,eqp_id、start_time、sensor、value、step、wafer_id、timestamp、module、product_id、lot_id、material_name、recipe_id、stage、route、eqp_type、process_start_time、process_stop_time、carrier、layer、operation、technology、lot_type、owning_fab、fab_site_id、current_fab、yas_load_time
dwd_fdc_rawtrace_v,eqp_id、start_time、sensor、value、step、wafer_id、timestamp、module、product_id、lot_id、material_name、recipe_id、stage、route、eqp_type、process_start_time、process_stop_time、carrier、layer、operation、technology、lot_type、owning_fab、fab_site_id、current_fab、yas_load_time
dwd_fdc_rawtrace_wafer,eqp_id、module_name、start_time、stop_time、material_name、wafer_id、product_id、lot_id、module_type、current_fab、line、area、department、eqp_type、recipe_id、recipe_group、recipe_alias、carrier、layer、operation、route、stage、lot_type、carrierslot、filename、technology、dccontextid、yas_load_time
dwd_ft_bin_dielevel_rawdata_eng_v,lot_no、start_time、device_name、test_step、end_time、touch_down、site_num、dut_num、ce_num、lun_num、fab_lot、fab_wafer_no、x_coord、y_coord、hard_bin、soft_bin、tb_num、tb_name、pass_fail、filename、source_sysid、extract_time、time_date、product、yas_load_time
dwd_ft_bin_dielevel_rawdata_prod_v,lot_no、start_time、device_name、test_step、end_time、touch_down、site_num、dut_num、ce_num、lun_num、fab_lot、fab_wafer_no、x_coord、y_coord、hard_bin、soft_bin、tb_num、tb_name、pass_fail、filename、source_sysid、extract_time、time_date、product、yas_load_time
dwd_ft_bin_dielevel_summary_eng_v,lot_no、start_time、device_name、test_step、end_time、fab_lot、fab_wafer_no、hard_bin、soft_bin、tb_num、tb_name、pass_fail、count、filename、source_sysid、extract_time、time_date、product、yas_load_time
dwd_ft_bin_dielevel_summary_prod_v,lot_no、start_time、device_name、test_step、end_time、fab_lot、fab_wafer_no、hard_bin、soft_bin、tb_num、tb_name、pass_fail、count、filename、source_sysid、extract_time、time_date、product、yas_load_time
dwd_ft_bin_dutlevel_rawdata_eng_v,lot_no、start_time、device_name、test_step、end_time、touch_down、site_num、dut_num、unit_id、hard_bin、soft_bin、tb_num、tb_name、pass_fail、filename、source_sysid、extract_time、time_date、product、yas_load_time
dwd_ft_bin_dutlevel_rawdata_prod_v,lot_no、start_time、device_name、test_step、end_time、touch_down、site_num、dut_num、unit_id、hard_bin、soft_bin、tb_num、tb_name、pass_fail、filename、source_sysid、extract_time、time_date、product、yas_load_time
dwd_ft_bin_dutlevel_summary_eng_v,lot_no、start_time、device_name、test_step、end_time、hard_bin、soft_bin、tb_num、tb_name、pass_fail、count、filename、source_sysid、extract_time、time_date、product、yas_load_time
dwd_ft_bin_dutlevel_summary_prod_v,lot_no、start_time、device_name、test_step、end_time、hard_bin、soft_bin、tb_num、tb_name、pass_fail、count、filename、source_sysid、extract_time、time_date、product、yas_load_time
dwd_ft_fab_wafer_info_eng_v,lot_no、start_time、device_name、test_step、end_time、fab_lot、fab_wafer_no、filename、source_sysid、extract_time、time_date、product、yas_load_time
dwd_ft_fab_wafer_info_prod_v,lot_no、start_time、device_name、test_step、end_time、fab_lot、fab_wafer_no、filename、source_sysid、extract_time、time_date、product、yas_load_time
dwd_ft_lotinfo_eng_v,lot_no、start_time、wafer_lot_no、tout_no、ippn、mpn、recipe、tester_no、handler_no、change_kit_id、dsa_no、load_board、test_step、temperature、test_program、trace_code、operator、device_name、qty_in、qty_out、yield、retest_flag、end_time、oi_version、vi_version、engineer_mode、subcontractor、ewo、ti、filename、source_sysid、extract_time、time_date、product、yas_load_time
dwd_ft_lotinfo_prod_v,lot_no、start_time、wafer_lot_no、tout_no、ippn、mpn、recipe、tester_no、handler_no、change_kit_id、dsa_no、load_board、test_step、temperature、test_program、trace_code、operator、device_name、qty_in、qty_out、yield、retest_flag、end_time、oi_version、vi_version、engineer_mode、subcontractor、ewo、ti、filename、source_sysid、extract_time、time_date、product、yas_load_time
dwd_ft_parameters_dielevel_bblist_eng_v,lot_no、start_time、device_name、test_step、end_time、parameter_name、limit_lower、limit_upper、touch_down、site_num、dut_num、ce_num、lun_num、fab_lot、fab_wafer_no、x_coord、y_coord、bb_count、bb_list、filename、source_sysid、extract_time、time_date、product、yas_load_time
dwd_ft_parameters_dielevel_bblist_prod_v,lot_no、start_time、device_name、test_step、end_time、parameter_name、limit_lower、limit_upper、touch_down、site_num、dut_num、ce_num、lun_num、fab_lot、fab_wafer_no、x_coord、y_coord、bb_count、bb_list、filename、source_sysid、extract_time、time_date、product、yas_load_time
dwd_ft_parameters_dielevel_rawdata_eng_v,lot_no、start_time、device_name、test_step、end_time、parameter_name、limit_lower、limit_upper、touch_down、site_num、dut_num、ce_num、lun_num、fab_lot、fab_wafer_no、x_coord、y_coord、value、soft_bin、filename、source_sysid、extract_time、time_date、product、yas_load_time
dwd_ft_parameters_dielevel_rawdata_prod_v,lot_no、start_time、device_name、test_step、end_time、parameter_name、limit_lower、limit_upper、touch_down、site_num、dut_num、ce_num、lun_num、fab_lot、fab_wafer_no、x_coord、y_coord、value、soft_bin、filename、source_sysid、extract_time、time_date、product、yas_load_time
dwd_ft_parameters_dielevel_summary_eng_v,lot_no、start_time、device_name、test_step、end_time、parameter_name、limit_lower、limit_upper、stat_count、stat_mean、stat_stdev、stat_min、stat_q1、stat_q2、stat_q3、stat_max、filename、source_sysid、extract_time、time_date、product、yas_load_time
dwd_ft_parameters_dielevel_summary_prod_v,lot_no、start_time、device_name、test_step、end_time、parameter_name、limit_lower、limit_upper、stat_count、stat_mean、stat_stdev、stat_min、stat_q1、stat_q2、stat_q3、stat_max、filename、source_sysid、extract_time、time_date、product、yas_load_time
dwd_ft_parameters_dielevel_text_rawdata_eng_v,lot_no、start_time、device_name、test_step、end_time、parameter_name、touch_down、site_num、dut_num、ce_num、lun_num、fab_lot、fab_wafer_no、x_coord、y_coord、text_data、soft_bin、filename、source_sysid、extract_time、time_date、product、yas_load_time
dwd_ft_parameters_dielevel_text_rawdata_prod_v,lot_no、start_time、device_name、test_step、end_time、parameter_name、touch_down、site_num、dut_num、ce_num、lun_num、fab_lot、fab_wafer_no、x_coord、y_coord、text_data、soft_bin、filename、source_sysid、extract_time、time_date、product、yas_load_time
dwd_ft_parameters_dielevel_text_summary_eng_v,lot_no、start_time、device_name、test_step、end_time、parameter_name、stat_count、filename、source_sysid、extract_time、time_date、product、yas_load_time
dwd_ft_parameters_dielevel_text_summary_prod_v,lot_no、start_time、device_name、test_step、end_time、parameter_name、stat_count、filename、source_sysid、extract_time、time_date、product、yas_load_time
dwd_ft_parameters_dielevel_wafer_summary_eng_v,lot_no、start_time、device_name、test_step、end_time、fab_lot、fab_wafer_no、parameter_name、limit_lower、limit_upper、stat_count、stat_mean、stat_stdev、stat_min、stat_q1、stat_q2、stat_q3、stat_max、filename、source_sysid、extract_time、time_date、product、yas_load_time
dwd_ft_parameters_dielevel_wafer_summary_prod_v,lot_no、start_time、device_name、test_step、end_time、fab_lot、fab_wafer_no、parameter_name、limit_lower、limit_upper、stat_count、stat_mean、stat_stdev、stat_min、stat_q1、stat_q2、stat_q3、stat_max、filename、source_sysid、extract_time、time_date、product、yas_load_time
dwd_ft_parameters_dutlevel_rawdata_eng_v,lot_no、start_time、device_name、test_step、end_time、parameter_name、limit_lower、limit_upper、touch_down、site_num、dut_num、value、soft_bin、filename、source_sysid、extract_time、time_date、product、yas_load_time
dwd_ft_parameters_dutlevel_rawdata_prod_v,lot_no、start_time、device_name、test_step、end_time、parameter_name、limit_lower、limit_upper、touch_down、site_num、dut_num、value、soft_bin、filename、source_sysid、extract_time、time_date、product、yas_load_time
dwd_ft_parameters_dutlevel_summary_eng_v,lot_no、start_time、device_name、test_step、end_time、parameter_name、limit_lower、limit_upper、stat_count、stat_mean、stat_stdev、stat_min、stat_q1、stat_q2、stat_q3、stat_max、filename、source_sysid、extract_time、time_date、product、yas_load_time
dwd_ft_parameters_dutlevel_summary_prod_v,lot_no、start_time、device_name、test_step、end_time、parameter_name、limit_lower、limit_upper、stat_count、stat_mean、stat_stdev、stat_min、stat_q1、stat_q2、stat_q3、stat_max、filename、source_sysid、extract_time、time_date、product、yas_load_time
dwd_ft_summary_hardbin_eng_v,lot_no、end_time、test_flag、qty_in、qty_out、test_step、hard_bin、unit_count、yield、filename、source_sysid、extract_time、time_date、yas_load_time
dwd_ft_summary_hardbin_mer_eng_v,lot_no、end_time、test_flag、qty_in、qty_out、test_step、hard_bin、unit_count、yield、filename、source_sysid、extract_time、time_date、yas_load_time
dwd_ft_summary_hardbin_mer_prod_v,lot_no、end_time、test_flag、qty_in、qty_out、test_step、hard_bin、unit_count、yield、filename、source_sysid、extract_time、time_date、yas_load_time
dwd_ft_summary_hardbin_prod_v,lot_no、end_time、test_flag、qty_in、qty_out、test_step、hard_bin、unit_count、yield、filename、source_sysid、extract_time、time_date、yas_load_time
dwd_ft_summary_softbin_eng_v,lot_no、end_time、tb_name、soft_bin、hard_bin、unit_count、test_step、qty_in、qty_out、test_flag、filename、source_sysid、extract_time、time_date、yas_load_time
dwd_ft_summary_softbin_mer_eng_v,lot_no、end_time、tb_name、soft_bin、hard_bin、unit_count、test_step、qty_in、qty_out、test_flag、filename、source_sysid、extract_time、time_date、yas_load_time
dwd_ft_summary_softbin_mer_prod_v,lot_no、end_time、tb_name、soft_bin、hard_bin、unit_count、test_step、qty_in、qty_out、test_flag、filename、source_sysid、extract_time、time_date、yas_load_time
dwd_ft_summary_softbin_prod_v,lot_no、end_time、tb_name、soft_bin、hard_bin、unit_count、test_step、qty_in、qty_out、test_flag、filename、source_sysid、extract_time、time_date、yas_load_time
dwd_ft_summary_yield_eng_v,lot_no、start_time、wafer_lot_no、tout_no、ippn、mpn、recipe、tester_no、handler_no、change_kit_id、dsa_no、load_board、test_step、temperature、test_program、trace_code、operator、device_name、qty_in、qty_out、yield、test_flag、end_time、oi_version、vi_version、engineer_mode、subcon、ewo、ti、test_time、filename、source_sysid、extract_time、time_date、yas_load_time
dwd_ft_summary_yield_mer_eng_v,lot_no、start_time、wafer_lot_no、tout_no、ippn、mpn、recipe、tester_no、handler_no、change_kit_id、dsa_no、load_board、test_step、temperature、test_program、trace_code、operator、device_name、qty_in、qty_out、yield、end_time、oi_version、vi_version、engineer_mode、subcon、ewo、ti、test_time、in_qty_out、in_end_time、test_flag、filename、source_sysid、extract_time、time_date、yas_load_time
dwd_ft_summary_yield_mer_prod_v,lot_no、start_time、wafer_lot_no、tout_no、ippn、mpn、recipe、tester_no、handler_no、change_kit_id、dsa_no、load_board、test_step、temperature、test_program、trace_code、operator、device_name、qty_in、qty_out、yield、end_time、oi_version、vi_version、engineer_mode、subcon、ewo、ti、test_time、in_qty_out、in_end_time、test_flag、filename、source_sysid、extract_time、time_date、yas_load_time
dwd_ft_summary_yield_prod_v,lot_no、start_time、wafer_lot_no、tout_no、ippn、mpn、recipe、tester_no、handler_no、change_kit_id、dsa_no、load_board、test_step、temperature、test_program、trace_code、operator、device_name、qty_in、qty_out、yield、test_flag、end_time、oi_version、vi_version、engineer_mode、subcon、ewo、ti、test_time、filename、source_sysid、extract_time、time_date、yas_load_time
dwd_ft_tt_sitelevel_rawdata_eng_v,lot_no、start_time、device_name、test_step、end_time、touch_down、site_num、tb_seq、tb_num、tb_name、test_time、filename、source_sysid、extract_time、time_date、product、yas_load_time
dwd_ft_tt_sitelevel_rawdata_prod_v,lot_no、start_time、device_name、test_step、end_time、touch_down、site_num、tb_seq、tb_num、tb_name、test_time、filename、source_sysid、extract_time、time_date、product、yas_load_time
dwd_ft_tt_sitelevel_summary_eng_v,lot_no、start_time、device_name、test_step、end_time、tb_seq、tb_num、test_name、stat_count、stat_mean、stat_stdev、stat_min、stat_q1、stat_q2、stat_q3、stat_max、filename、source_sysid、extract_time、time_date、product、yas_load_time
dwd_ft_tt_sitelevel_summary_prod_v,lot_no、start_time、device_name、test_step、end_time、tb_seq、tb_num、test_name、stat_count、stat_mean、stat_stdev、stat_min、stat_q1、stat_q2、stat_q3、stat_max、filename、source_sysid、extract_time、time_date、product、yas_load_time
dwd_met_image,met_key、met_site_id、image_id、image_path、yas_load_time
dwd_met_inline_dtl_v1,wafer_id、test_time、product_id、route_id、source_lot_id、lot_id、owning_fab、fab_site_id、current_fab、end_time、recipe_name、measure_eqp_id、operator_id、process_eqp_id、process_recipe、lot_type、spc_flag_extern、spc_flag_intern、chamber_id、met_site_id、site_x、site_y、fail_flag、measure_item、measure_value、unit、target、uvl、lvl、ucl、lcl、usl、lsl、xbar_ucl、xbar_lcl、xbar_target、rs_ucl、rs_lcl、rs_target、rs_chart_template、is_exclude、eda_load_time、validation_type、sample_id、measure_edc_plan、met_key、met_spec_key、measure_step_key、process_step_key、chart_type、module、process_step_id、process_chamber、process_stage、measure_step_id、yas_load_time
dwd_met_inline_image,met_key、met_site_id、image_id、image_path、yas_load_time
dwd_met_inline_param_v,wafer_id、lot_id、wafer_no、start_time、parameter_name、met_key、x、y、site_id、measure_value、site_x、site_y、die_x、die_y、fail_flag、is_exclude、end_time、product_id、chart_type、fab_site_id、owning_fab、current_fab_id、ooc_cnt、oov_cnt、oos_cnt、site_cnt、xbar_ooc_cnt、unit、q1、q2、q3、min、max、std、avg、range、p1、p5、p10、p90、p95、p99、ext_max、ext_min、ext_sigma、ext_mv、target_value、valid_high、valid_low、control_high、control_low、scrap_high、scrap_low、xbarcontrol_high、xbarcontrol_low、xbartarget_value、rscontrol_high、rscontrol_low、rstarget_value、module、process_stage、process_step_seq、process_step_id、process_eqp_id、process_chamber_id、process_time、process_recipe、measure_stage、measure_step_seq、measure_step_id、measure_eqp_id、measure_recipe、spc_flag_extern、spc_flag_intern、spc_com_extern、spc_com_intern、spc_chart、operator_id、lot_type、run_card_id、retest_flag、rework_flag、yas_load_time
dwd_met_inline_wafer,wafer_id、start_time、lot_id、wafer_no、product_id、owning_fab、fab_site_id、current_fab、site_count、end_time、operator_id、measure_recipe、process_recipe、process_stage、process_route_id、process_step_id、process_step_seq、process_eqp_id、process_chamber_id、measure_group、measure_stage、measure_route_id、measure_step_id、measure_step_seq、measure_eqp_id、measure_edc_plan、process_time、pilot_flag、spc_com_extern、module、yas_load_time
dwd_met_offline_dtl,wafer_id、start_time、met_offline_key、parameter_name、site_id、value、lot_id、srclot_id、wafer_no、product_id、owning_fab、fab_site_id、current_fab、measure_recipe、process_recipe、process_stage、process_route_id、process_step_id、process_step_seq、process_eqp_id、process_chamber_id、measure_group、measure_stage、measure_route_id、measure_step_id、measure_step_seq、measure_eqp_id、yas_load_time
dwd_met_offline_param_v,wafer_id、start_time、lot_id、met_offline_key、parameter_name、x、y、site_id、measure_value、fail_flag、is_exclude、srclot_id、wafer_no、product_id、chart_type、fab_site_id、owning_fab、current_fab_id、ooc_cnt、oov_cnt、oos_cnt、site_cnt、unit、q1、q2、q3、min、max、std、avg、range、p1、p5、p10、p90、p95、p99、ext_max、ext_min、ext_sigma、ext_mv、target_value、valid_high、valid_low、control_high、control_low、scrap_high、scrap_low、xbarcontrol_high、xbarcontrol_low、xbartarget_value、rscontrol_high、rscontrol_low、rstarget_value、module、process_stage、process_step_seq、process_step_id、process_eqp_id、process_chamber_id、process_time、process_recipe、measure_stage、measure_step_seq、measure_step_id、measure_eqp_id、measure_recipe、spc_flag_extern、spc_flag_intern、spc_com_extern、spc_com_intern、spc_chart、operator_id、run_card_id、yas_load_time
dwd_met_offline_wafer,wafer_id、start_time、lot_id、srclot_id、wafer_no、product_id、owning_fab、fab_site_id、current_fab、measure_recipe、process_recipe、process_stage、process_route_id、process_step_id、process_step_seq、process_eqp_id、process_chamber_id、measure_group、measure_stage、measure_route_id、measure_step_id、measure_step_seq、measure_eqp_id、yas_load_time
dwd_met_wafer,wafer_id、start_time、lot_id、wafer_no、product_id、owning_fab、fab_site_id、current_fab、site_count、end_time、operator_id、measure_recipe、process_recipe、process_stage、process_route_id、process_step_id、process_step_seq、process_eqp_id、process_chamber_id、measure_group、measure_stage、measure_route_id、measure_step_id、measure_step_seq、measure_eqp_id、measure_edc_plan、yas_load_time
dwd_wafer_bonding_multi,wafer_id、bonding_type、bonding_name、bonding_wafer_id、bonding_t7code、bonding_lot_id、owning_fab、fab_site_id、yas_load_time
dwd_wafer_bonding_v,wafer_id、array_wafer_id、cmos_wafer_id、array_t7code、cmos_t7code、array_lot_id、cmos_lot_id、owning_fab、fab_site_id、yas_load_time
dwd_wat_param_v,owning_fab、fab_site_id、current_fab、product_type、product_id、lot_id、wafer_id、start_time、probecard_id、end_time、recipe_name、recipe_version、measure_eqp_id、operator_id、lot_type、test_type、wat_site_key、site_cnt、site_id、die_x、die_y、site_x、site_y、fail_flag、limit_file、parameter_type、parameter_id、paramter_name、value、unit、target、uvl、lvl、usl、lsl、ucl、lcl、load_seq_no、bond_wafer_id、bond_lot_id、bond_wafer_no、wat_wafer_key、wat_spec_key、retest_flag、rework_flag、lot_key、load_time、validation_type、yas_load_time
dwd_wat_wafer,wafer_id、start_time、lot_id、wafer_no、product_id、owning_fab、fab_site_id、current_fab、probecard_id、operator_id、limit_file、test_type、wat_site_key、site_count、end_time、recipe_name、recipe_version、measure_eqp_id、fail_flag、bound_lot_id、bound_wafer_id、bound_wafer_no、load_seq_no、wat_wafer_key、lot_key、load_time、validation_type、yas_load_time
dwd_weh_qtime,wafer_id、process_start_time、product_id、lot_id、eqp_id、chamber_id、recipe_id、trackin_time、process_end__time、trackout_time、plan_id、route_id、step_id、substep、step_no、last_step_id、last_substep、last_step_no、last_process_end__time、qtime、stage、boatposition、group_str、owning_fab、fab_site_id、batch_id、reticle_id、current_fab、handle、yas_load_time
dwd_wip_foup_hist,foup_id、event_time、event_name、state、lot_id、user_id、carrier_type、carrier_category、processing_status、component_qty、owner_info、carrier_kind、carrier_vendor、current_clean_cnt、last_clean_time、comment、eqp_id、fab_site_id、owning_fab、current_fab、yas_load_time
dwd_wip_hold_lot_hist,lot_id、hold_time、release_time、hold_duration、product_type、product_id、lot_type、plan_id、stage、step_id、step_module、eqp_id、priority、qty、hold_reason、hold_reason_description、detail_description、hold_type、hold_user、hold_comment、release_user、release_comment、fab_site_id、owning_fab、current_fab、yas_load_time
dwd_wip_leh_v,lot_id、track_in_time、product_id、track_out_time、wafer_in_qty、wafer_out_qty、step_type、location、lot_type、prioty、eqp_id、eqp_type、recipe_name、reticle_id、track_in_operator、track_out_operator、batch_id、plan_name、route_id、stage、step_name、step_no、step_desc、load_time、queue_time、rework_cnt、start_run_time、end_run_time、foup_id、ful_batch_id、port_id、ppid、eqp_module、owner、vendor、handle、owning_fab、fab_site_id、current_fab、yas_load_time
dwd_wip_split_lot_hist,lot_id、event_time、slot_id、product_type、product_id、plan_id、stage、step_id、step_module、priority、lot_type、source_lot_id、source_slot_id、event、event_user_id、comment、lot_qty、source_lot_qty、fab_site_id、owning_fab、current_fab、yas_load_time
dwd_wip_weh_qtime,wafer_id、process_start_time、product_id、lot_id、eqp_id、chamber_id、recipe_id、trackin_time、process_end__time、trackout_time、plan_id、route_id、step_id、substep、step_no、last_step_id、last_substep、last_step_no、last_process_end_time、qtime、ptime、stage、boatposition、group_str、owning_fab、fab_site_id、batch_id、reticle_id、current_fab、handle、yas_load_time
dwd_wip_weh_v,wafer_id、process_start_time、product_id、lot_id、eqp_id、chamber_id、sub_chamber_id、recipe_id、trackin_time、process_end__time、trackout_time、plan_id、route_id、step_id、step_no、stage、boatposition、group_str、substep、owning_fab、fab_site_id、batch_id、reticle_id、current_fab、handle、yas_load_time
dwd_ws_bb,wafer_id、start_time、die_x、die_y、bin_code、test_number、test_item、p_f、plane_id、bb、bb_cnt、site_id、dut_id、sys_dut_id、yas_load_time
dwd_ws_bb_mark,wafer_id、start_time、die_x、die_y、bin_code、test_number、test_item、plane_id、index_block_num、physical_block_num、site_id、dut_id、sys_dut_id、yas_load_time
dwd_ws_blocklevel,wafer_id、start_time、die_x、die_y、bin_code、test_number、test_item、parameter、plane_id、string_id、b0、b1、b2、b3、b4、b5、b6、b7、b8、b9、b10、b11、b12、b13、b14、b15、b16、b17、b18、b19、b20、b21、b22、b23、b24、b25、b26、b27、b28、b29、b30、b31、b32、b33、b34、b35、b36、b37、b38、b39、b40、b41、b42、b43、b44、b45、b46、b47、b48、b49、b50、b51、b52、b53、b54、b55、b56、b57、b58、b59、b60、b61、b62、b63、b64、b65、b66、b67、b68、b69、b70、b71、b72、b73、b74、b75、b76、b77、b78、b79、b80、b81、b82、b83、b84、b85、b86、b87、b88、b89、b90、b91、b92、b93、b94、b95、b96、b97、b98、b99、b100、b101、b102、b103、b104、b105、b106、b107、b108、b109、b110、b111、b112、b113、b114、b115、b116、b117、b118、b119、b120、b121、b122、b123、b124、b125、b126、b127、b128、b129、b130、b131、b132、b133、b134、b135、b136、b137、b138、b139、b140、b141、b142、b143、b144、b145、b146、b147、b148、b149、b150、b151、b152、b153、b154、b155、b156、b157、b158、b159、b160、b161、b162、b163、b164、b165、b166、b167、b168、b169、b170、b171、b172、b173、b174、b175、b176、b177、b178、b179、b180、b181、b182、b183、b184、b185、b186、b187、b188、b189、b190、b191、b192、b193、b194、b195、b196、b197、b198、b199、b200、b201、b202、b203、b204、b205、b206、b207、b208、b209、b210、b211、b212、b213、b214、b215、b216、b217、b218、b219、b220、b221、b222、b223、b224、b225、b226、b227、b228、b229、b230、b231、b232、b233、b234、b235、b236、b237、b238、b239、b240、b241、b242、b243、b244、b245、b246、b247、b248、b249、b250、b251、b252、b253、b254、b255、b256、b257、b258、b259、b260、b261、b262、b263、b264、b265、b266、b267、b268、b269、b270、b271、b272、b273、b274、b275、b276、b277、b278、b279、b280、b281、b282、b283、b284、b285、b286、b287、b288、b289、b290、b291、b292、b293、b294、b295、b296、b297、b298、b299、b300、b301、b302、b303、b304、b305、b306、b307、b308、b309、b310、b311、b312、b313、b314、b315、b316、b317、b318、b319、b320、b321、b322、b323、b324、b325、b326、b327、b328、b329、b330、b331、b332、b333、b334、b335、b336、b337、b338、b339、b340、b341、b342、b343、b344、b345、b346、b347、b348、b349、b350、b351、b352、b353、b354、b355、b356、b357、b358、b359、b360、b361、b362、b363、b364、b365、b366、b367、b368、b369、b370、b371、b372、b373、b374、b375、b376、b377、b378、b379、b380、b381、b382、b383、b384、b385、b386、b387、b388、b389、b390、b391、b392、b393、b394、b395、b396、b397、b398、b399、b400、b401、b402、b403、b404、b405、b406、b407、b408、b409、b410、b411、b412、b413、b414、b415、b416、b417、b418、b419、b420、b421、b422、b423、b424、b425、b426、b427、b428、b429、b430、b431、b432、b433、b434、b435、b436、b437、b438、b439、b440、b441、b442、b443、b444、b445、b446、b447、b448、b449、b450、b451、b452、b453、b454、b455、b456、b457、b458、b459、b460、b461、b462、b463、b464、b465、b466、b467、b468、b469、b470、b471、b472、b473、b474、b475、b476、b477、b478、b479、b480、b481、b482、b483、b484、b485、b486、b487、b488、b489、b490、b491、b492、b493、b494、b495、b496、b497、b498、b499、site_id、dut_id、sys_dut_id、yas_load_time
dwd_ws_ett,wafer_id、start_time、die_x、die_y、bin_code、test_number、test_item、p_f、plane_id、bb、bb_cnt、site_id、dut_id、sys_dut_id、yas_load_time
dwd_ws_funcbin,wafer_id、start_time、die_x、die_y、bin_code、test_number、test_item、parameter、value、site_id、dut_id、sys_dut_id、yas_load_time
dwd_ws_fwl,wafer_id、start_time、die_x、die_y、bin_code、plane_id、index_block_num、tier、wl_id、wl_seq、test_number、test_item、parameter、value、site_id、dut_id、sys_dut_id、yas_load_time
dwd_ws_grade_check_result,wafer_id、cp_time、lot_id、wafer_no、product_id、cp_recipe、ws_grade_check_index、cp_wafer_key、grade、load_time、lot_yield、wafer_yield、original_lot_id、owning_fab、fab_site_id、current_fab、cmos_lot_id、cmos_wafer_id、yas_load_time
dwd_ws_grade_check_result_detail,wafer_id、cp_time、ws_grade_check_index、grade_index、rule_index、lot_id、wafer_no、product_id、grade、test_value、fail_flag、fail_reason、item_type、item_level、item_formula、item_list、spc_a、upper_limit、lower_limit、step、owning_fab、fab_site_id、current_fab、cmos_lot_id、cmos_wafer_id、yas_load_time
dwd_ws_hardbin,wafer_id、start_time、die_x、die_y、site_id、dut_id、bin_code、bin_name、sys_dut_id、yas_load_time
dwd_ws_hardbin_die,wafer_id、test_time、x、y、bin_code、bin_name、owning_fab、fab_site_id、current_fab、product_type、product_id、lot_id、tester_id、prober_id、prober_recipe、probecard_id、production_ind、interface、program、version、program_rev、grade、sort_type、test_step、bin_def_file、test_temp、notch、operator_id、end_time、dut_id、site_id、sys_dut_id、yas_load_time
dwd_ws_ics,wafer_id、start_time、die_x、die_y、bin_code、plane_id、index_block_num、tier、test_number、test_item、parameter、value、site_id、dut_id、sys_dut_id、yas_load_time
dwd_ws_leakage_singlewl,wafer_id、start_time、die_x、die_y、bin_code、test_number、test_item、parameter、plane_id、block_num、wl_id、value、site_id、dut_id、sys_dut_id、yas_load_time
dwd_ws_leakage_x8,wafer_id、start_time、die_x、die_y、bin_code、test_number、test_item、parameter、plane_id、wl_group_id、value、site_id、dut_id、sys_dut_id、yas_load_time
dwd_ws_param_die,wafer_id、start_time、die_x、die_y、bin_code、p_f、test_number、test_item、parameter、value、site_id、dut_id、sys_dut_id、yas_load_time
dwd_ws_param_stat,wafer_id、start_time、die_x、die_y、bin_code、test_number、test_item、parameter、min、minus1sigma、median、plus1sigma、max、site_id、dut_id、sys_dut_id、yas_load_time
dwd_ws_pcollevel,wafer_id、start_time、die_x、die_y、bin_code、test_number、test_item、parameter、plane_id、column_type、pcol、db、byte_size、bit_size、top、bot、pb、site_id、dut_id、sys_dut_id、yas_load_time
dwd_ws_pf_ett,wafer_id、start_time、die_x、die_y、bin_code、test_number、test_item、p_f、ett、site_id、dut_id、sys_dut_id、yas_load_time
dwd_ws_rdmargin,wafer_id、start_time、die_x、die_y、bin_code、test_number、test_item、parameter、plane_id、block_num、string_id、e_num、wl001、wl002、wl003、wl004、wl005、wl006、wl007、wl008、wl009、wl010、wl011、wl012、wl013、wl014、wl015、wl016、wl017、wl018、wl019、wl020、wl021、wl022、wl023、wl024、wl025、wl026、wl027、wl028、wl029、wl030、wl031、wl032、wl033、wl034、wl035、wl036、wl037、wl038、wl039、wl040、wl041、wl042、wl043、wl044、wl045、wl046、wl047、wl048、wl049、wl050、wl051、wl052、wl053、wl054、wl055、wl056、wl057、wl058、wl059、wl060、wl061、wl062、wl063、wl064、wl065、wl066、wl067、wl068、wl069、wl070、wl071、wl072、wl073、wl074、wl075、wl076、wl077、wl078、wl079、wl080、wl081、wl082、wl083、wl084、wl085、wl086、wl087、wl088、wl089、wl090、wl091、wl092、wl093、wl094、wl095、wl096、wl097、wl098、wl099、wl100、wl101、wl102、wl103、wl104、wl105、wl106、wl107、wl108、wl109、wl110、wl111、wl112、wl113、wl114、wl115、wl116、wl117、wl118、wl119、wl120、wl121、wl122、wl123、wl124、wl125、wl126、wl127、wl128、dmy0、dmy1、dmy2、dmy3、dmy4、ipddmy0、ipddmy1、ipddmy2、ipddmy3、site_id、dut_id、sys_dut_id、yas_load_time
dwd_ws_vt_ivs_stat,wafer_id、start_time、die_x、die_y、bin_code、test_number、test_item、parameter、plane_id、wl_id、block_id、string_id、db、stage、vt_minus3sigma、vt_mdian、vt_plus3sigma、site_id、dut_id、sys_dut_id、yas_load_time
dwd_ws_vtdist,wafer_id、start_time、die_x、die_y、bin_code、test_number、test_item、parameter、plane_id、db、block_id、string_id、voltage、wl001、wl002、wl003、wl004、wl005、wl006、wl007、wl008、wl009、wl010、wl011、wl012、wl013、wl014、wl015、wl016、wl017、wl018、wl019、wl020、wl021、wl022、wl023、wl024、wl025、wl026、wl027、wl028、wl029、wl030、wl031、wl032、wl033、wl034、wl035、wl036、wl037、wl038、wl039、wl040、wl041、wl042、wl043、wl044、wl045、wl046、wl047、wl048、wl049、wl050、wl051、wl052、wl053、wl054、wl055、wl056、wl057、wl058、wl059、wl060、wl061、wl062、wl063、wl064、wl065、wl066、wl067、wl068、wl069、wl070、wl071、wl072、wl073、wl074、wl075、wl076、wl077、wl078、wl079、wl080、wl081、wl082、wl083、wl084、wl085、wl086、wl087、wl088、wl089、wl090、wl091、wl092、wl093、wl094、wl095、wl096、wl097、wl098、wl099、wl100、wl101、wl102、wl103、wl104、wl105、wl106、wl107、wl108、wl109、wl110、wl111、wl112、wl113、wl114、wl115、wl116、wl117、wl118、wl119、wl120、wl121、wl122、wl123、wl124、wl125、wl126、wl127、wl128、dmy0、dmy1、dmy2、dmy3、dmy4、ipddmy0、ipddmy1、ipddmy2、ipddmy3、site_id、dut_id、sys_dut_id、yas_load_time
dwd_ws_wafer,wafer_id、start_time、fab_site_id、owning_fab、current_fab、product_type、product_id、lot_id、tester_id、prober_id、prober_recipe、probecard_id、production_ind、interface、program、version、program_rev、grade、sort_type、test_step、bin_def_file、test_temp、notch、operator_id、end_time、cmos_lot_id、cmos_wafer_id、retest_flag、rework_flag、yas_load_time
dws_autoink_rule_d,rule_name、date_timekey、rule_id、date_type、ink_die_cnt、total_die_cnt、yas_load_time
dws_autoink_rule_wf,wafer_id、rule_name、rule_id、ink_die_cnt、total_die_cnt、lot_id、wafer_no、product_id、owning_fab、fab_site_id、current_fab、yas_load_time
dws_defect_chart_ooc_dwm,chart_id、time_key、owning_fab、filter_flag、product_id、fab_site_id、current_fab、stage、time_type、chart_type、depart、section、ooc_type、capability、scan_type、spc_chart、site_count、wf_cnt、ooc_wf_cnt、oos_wf_cnt、oov_wf_cnt、yas_load_time
dws_defect_class_wf,wafer_id、start_time、class_type、class_code、class_name、class_cnt、product_id、lot_id、owning_fab、fab_site_id、current_fab、yas_load_time
dws_defect_layer_ooc_dwm,layer_id、capability、time_key、owning_fab、filter_flag、product_id、fab_site_id、current_fab、time_type、chart_type、depart、section、ooc_type、scan_type、spc_chart、wf_cnt、ooc_wf_cnt、oos_wf_cnt、oov_wf_cnt、yas_load_time
dws_defect_ooc_d,parameter_name、product_id、date_timekey、owning_fab、fab_site_id、current_fab、stage、date_type、chart_type、depart、section、ooc_type、capability、scan_type、spc_chart、site_count、wf_cnt、ooc_wf_cnt、oos_wf_cnt、oov_wf_cnt、yas_load_time
dws_downgrade_sum_d,product_id、date_timekey、product_type、lot_type、owning_fab、fab_site_id、current_fab、date_type、wf_cnt、a_wf_cnt、z_wf_cnt、yas_load_time
dws_met_inline_cpk,parameter_name、process_step_id、measure_step_id、product_id、date_timekey、owning_fab、fab_site_id、current_fab、stage、date_type、chart_type、module、process_stage、process_step_seq、measure_step_seq、spc_chart、site_count、wf_cnt、ooc_wf_cnt、oos_wf_cnt、oov_wf_cnt、avg、std、group_std、ca、cp、cpk、k、yas_load_time
dws_met_inline_pam_wf,wafer_id、lot_id、wafer_no、start_time、parameter_name、met_key、product_id、chart_type、met_spec_key、owning_fab、fab_site_id、current_fab_id、ooc_cnt、oov_cnt、oos_cnt、site_cnt、end_time、recipe_name、measure_eqp_id、operator_id、process_eqp_id、process_step_key、eda_load_time、validation_type、xbar_ooc_cnt、sample_id、lot_type、chamber_id、process_recipe、spec_flag_extern、spc_flag_intern、ext_max、ext_min、ext_sigma、ext_mv、q1、q2、q3、min、max、std、avg、range、p1、p5、p10、p90、p95、p99、module、target_value、valid_high、valid_low、control_high、control_low、scrap_high、scrap_low、test_step_id、process_step_id、process_start_time、process_chamber、process_subchamber、process_stage、process_step_seq、yas_load_time
dws_met_inline_param_wf,wafer_id、lot_id、wafer_no、start_time、parameter_name、met_key、end_time、product_id、chart_type、fab_site_id、owning_fab、current_fab_id、ooc_cnt、oov_cnt、oos_cnt、site_cnt、xbar_ooc_cnt、q1、q2、q3、min、max、std、avg、range、p1、p5、p10、p90、p95、p99、ext_max、ext_min、ext_sigma、ext_mv、target_value、valid_high、valid_low、control_high、control_low、scrap_high、scrap_low、xbarcontrol_high、xbarcontrol_low、xbartarget_value、rscontrol_high、rscontrol_low、rstarget_value、module、process_stage、process_step_seq、process_step_id、process_eqp_id、process_chamber_id、process_time、process_recipe、measure_stage、measure_step_seq、measure_step_id、measure_eqp_id、measure_recipe、spc_flag_extern、spc_flag_intern、spc_com_extern、spc_com_intern、spc_chart、operator_id、lot_type、run_card_id、retest_flag、rework_flag、yas_load_time
dws_met_offline_pam_wf,wafer_id、start_time、met_offline_key、parameter_name、lot_id、srclot_id、wafer_no、product_id、met_spec_key、owning_fab、fab_site_id、current_fanb_id、ooc_cnt、oov_cnt、oos_cnt、site_cnt、q1、q2、q3、min、max、std、avg、range、p1、p5、p10、p90、p99、yas_load_time
dws_met_offline_param_wf,wafer_id、start_time、lot_id、met_offline_key、parameter_name、srclot_id、wafer_no、product_id、chart_type、fab_site_id、owning_fab、current_fab_id、ooc_cnt、oov_cnt、oos_cnt、site_cnt、q1、q2、q3、min、max、std、avg、range、p1、p5、p10、p90、p99、ext_max、ext_min、ext_sigma、ext_mv、target_value、valid_high、valid_low、control_high、control_low、scrap_high、scrap_low、xbarcontrol_high、xbarcontrol_low、xbartarget_value、rscontrol_high、rscontrol_low、rstarget_value、module、process_stage、process_step_seq、process_step_id、process_eqp_id、process_chamber_id、process_time、process_recipe、measure_stage、measure_step_seq、measure_step_id、measure_eqp_id、measure_recipe、spc_flag_extern、spc_flag_intern、spc_com_extern、spc_com_intern、spc_chart、operator_id、run_card_id、yas_load_time
dws_ship_yield_d,product_type、ship_date、product_id、ws_grade_category、data_type、lot_cnt、wafer_cnt、die_yield、die_yield_std、peak_wafer_text、peak_lot_text、fab_site_id、owning_fab、current_fab、yas_load_time
dws_sort_yield_d,product_type、test_date、product_id、ws_grade_category、test_step、data_type、lot_cnt、wafer_cnt、sort_yield、sort_yield_std、peak_wafer_text、peak_lot_text、fab_site_id、owning_fab、current_fab、yas_load_time
dws_wat_cpk,date_timekey、parameter_name、parameter_type、product_id、owning_fab、fab_site_id、current_fab、date_type、product_type、module、site_cnt、wf_cnt、ooc_wf_cnt、oos_wf_cnt、oov_wf_cnt、mode_a_wf_cnt、mode_b_wf_cnt、avg、std、cpk、group_std、ca、cp、k、target、uvl、lvl、usl、lsl、ucl、lcl、yas_load_time
dws_wat_param_wf,wafer_id、start_time、parameter_type、parameter_name、fail_flag、site_cnt、q1、q2、q3、min、max、stddev、avg、range、p1、p5、p10、p90、p95、p99、ooc_cnt、oos_cnt、oov_cnt、product_type、lot_id、wafer_no、product_id、fab_site_id、owning_fab、current_fab、probecard_id、operator_id、limit_file、lot_type、test_type、end_time、measure_eqp_id、recipe_name、recipe_version、cmos_lot_id、cmos_wafer_id、parameter_id、retest_flag、rework_flag、yas_load_time
dws_wat_result_wf,wafer_id、start_time、lot_id、wafer_no、product_id、owning_fab、fab_site_id、current_fab、probecard_id、operator_id、limit_file、test_type、wat_site_key、site_count、end_time、recipe_name、recipe_version、measure_eqp_id、fail_flag、q1、q2、q3、min、max、stddev、avg、range、p1、p5、p10、p25、p50、p75、p90、p99、retest_flag、latest_flag、yas_load_time
dws_ws_bb_wf,wafer_id、start_time、test_item、bin_pf、bb_cnt、count、avg、std、min、max、range、q1、q2、q3、p1、p5、p10、p90、p95、p99、bb_avg_zone1、bb_avg_zone2、bb_avg_zone3、bb_avg_zone4、bb_avg_zone5、end_time、test_number、owning_fab、fab_site_id、current_fab、product_type、product_id、lot_id、tester_id、prober_id、prober_recipe、probecard_id、production_ind、program、program_rev、grade、sort_type、test_step、notch、operator_id、cmos_lot_id、cmos_wafer_id、retest_flag、rework_flag、yas_load_time
dws_ws_ett_wf,wafer_id、start_time、test_item、count、avg、std、min、max、range、q1、q2、q3、p1、p5、p10、p90、p95、p99、end_time、test_number、fab_site_id、owning_fab、current_fab、product_type、product_id、lot_id、tester_id、prober_id、prober_recipe、probecard_id、production_ind、program、program_rev、grade、sort_type、test_step、notch、operator_id、cmos_lot_id、cmos_wafer_id、retest_flag、rework_flag、yas_load_time
dws_ws_funcbin_wf,wafer_id、start_time、test_item、parameter、die_cnt、avg、std、min、max、range、q1、q2、q3、p1、p5、p10、p90、p95、p99、cnt_zone1、cnt_zone2、cnt_zone3、cnt_zone4、cnt_zone5、end_time、test_number、fab_site_id、owning_fab、current_fab、product_type、product_id、lot_id、tester_id、prober_id、prober_recipe、probecard_id、production_ind、program、program_rev、grade、sort_type、test_step、notch、operator_id、cmos_lot_id、cmos_wafer_id、retest_flag、rework_flag、yas_load_time
dws_ws_fwl_die,wafer_id、start_time、die_x、die_y、test_item、parameter、tier、wl_id、wl_seq、wl_cnt、wl_cnt_zone1、wl_cnt_zone2、wl_cnt_zone3、wl_cnt_zone4、wl_cnt_zone5、end_time、test_number、fab_site_id、owning_fab、current_fab、product_type、product_id、lot_id、tester_id、prober_id、prober_recipe、probecard_id、production_ind、program、program_rev、grade、sort_type、test_step、notch、operator_id、cmos_lot_id、cmos_wafer_id、retest_flag、rework_flag、yas_load_time
dws_ws_fwl_wf,wafer_id、start_time、test_item、parameter、tier、wl_id、wl_seq、wl_cnt、die_cnt、avg、std、min、max、range、q1、q2、q3、p1、p5、p10、p90、p95、p99、wl_cnt_zone1、wl_cnt_zone2、wl_cnt_zone3、wl_cnt_zone4、wl_cnt_zone5、end_time、test_number、owning_fab、fab_site_id、current_fab、product_type、product_id、lot_id、tester_id、prober_id、prober_recipe、probecard_id、production_ind、program、program_rev、grade、sort_type、test_step、notch、operator_id、cmos_lot_id、cmos_wafer_id、retest_flag、rework_flag、yas_load_time
dws_ws_hardbin_d,test_date、product_type、owning_fab、fab_site_id、current_fab、product_id、tester_id、prober_id、prober_recipe、probe_card_id、production_ind、interface、program、program_deal、version、program_rev、grade、sort_id、bindef_file、test_temp、operator_id、die_tested、die_passed、sort_type、yas_load_time
dws_ws_hardbin_wd,wafer_id、start_time、product_type、fab_site_id、owning_fab、current_fab、product_id、test_step、operator_id、end_time、die_tested、die_passed、yield、lot_id、cmos_lot_id、cmos_wafer_id、production_ind、grade、bin1、bin2、bin3、bin4、bin5、bin6、bin7、bin8、bin9、bin10、bin11、bin12、bin13、bin14、bin15、bin16、bin17、bin18、bin19、bin20、bin21、bin22、bin23、bin24、bin25、bin26、bin27、bin28、bin29、bin30、bin31、bin32、bin33、bin34、bin35、bin36、bin37、bin38、bin39、bin40、bin41、bin42、bin43、bin44、bin45、bin46、bin47、bin48、bin49、bin50、bin51、bin52、bin53、bin54、bin55、bin56、bin57、bin58、bin59、bin60、bin61、bin62、bin63、bin64、bin65、bin66、bin67、bin68、bin69、bin70、bin71、bin72、bin73、bin74、bin75、bin76、bin77、bin78、bin79、bin80、bin81、bin82、bin83、bin84、bin85、bin86、bin87、bin88、bin89、bin90、bin91、bin92、bin93、bin94、bin95、bin96、bin97、bin98、bin99、bin100、bin101、bin102、bin103、bin104、bin105、bin106、bin107、bin108、bin109、bin110、bin111、bin112、bin113、bin114、bin115、bin116、bin117、bin118、bin119、bin120、bin121、bin122、bin123、bin124、bin125、bin126、bin127、bin128、bin129、bin130、bin131、bin132、bin133、bin134、bin135、bin136、bin137、bin138、bin139、bin140、bin141、bin142、bin143、bin144、bin145、bin146、bin147、bin148、bin149、bin150、bin151、bin152、bin153、bin154、bin155、bin156、bin157、bin158、bin159、bin160、bin161、bin162、bin163、bin164、bin165、bin166、bin167、bin168、bin169、bin170、bin171、bin172、bin173、bin174、bin175、bin176、bin177、bin178、bin179、bin180、bin181、bin182、bin183、bin184、bin185、bin186、bin187、bin188、bin189、bin190、bin191、bin192、bin193、bin194、bin195、bin196、bin197、bin198、bin199、bin200、bin201、bin202、bin203、bin204、bin205、bin206、bin207、bin208、bin209、bin210、bin211、bin212、bin213、bin214、bin215、bin216、bin217、bin218、bin219、bin220、bin221、bin222、bin223、bin224、bin225、bin226、bin227、bin228、bin229、bin230、bin231、bin232、bin233、bin234、bin235、bin236、bin237、bin238、bin239、bin240、bin241、bin242、bin243、bin244、bin245、bin246、bin247、bin248、bin249、bin250、bin251、bin252、bin253、bin254、bin255、bin256、bin257、bin258、bin259、bin260、bin261、bin262、bin263、bin264、bin265、bin266、bin267、bin268、bin269、bin270、bin271、bin272、bin273、bin274、bin275、bin276、bin277、bin278、bin279、bin280、bin281、bin282、bin283、bin284、bin285、bin286、bin287、bin288、bin289、bin290、bin291、bin292、bin293、bin294、bin295、bin296、bin297、bin298、bin299、bin300、bin301、bin302、bin303、bin304、bin305、bin306、bin307、bin308、bin309、bin310、bin311、bin312、bin313、bin314、bin315、bin316、bin317、bin318、bin319、bin320、bin321、bin322、bin323、bin324、bin325、bin326、bin327、bin328、bin329、bin330、bin331、bin332、bin333、bin334、bin335、bin336、bin337、bin338、bin339、bin340、bin341、bin342、bin343、bin344、bin345、bin346、bin347、bin348、bin349、bin350、bin351、bin352、bin353、bin354、bin355、bin356、bin357、bin358、bin359、bin360、bin361、bin362、bin363、bin364、bin365、bin366、bin367、bin368、bin369、bin370、bin371、bin372、bin373、bin374、bin375、bin376、bin377、bin378、bin379、bin380、bin381、bin382、bin383、bin384、bin385、bin386、bin387、bin388、bin389、bin390、bin391、bin392、bin393、bin394、bin395、bin396、bin397、bin398、bin399、bin400、bin401、bin402、bin403、bin404、bin405、bin406、bin407、bin408、bin409、bin410、bin411、bin412、bin413、bin414、bin415、bin416、bin417、bin418、bin419、bin420、bin421、bin422、bin423、bin424、bin425、bin426、bin427、bin428、bin429、bin430、bin431、bin432、bin433、bin434、bin435、bin436、bin437、bin438、bin439、bin440、bin441、bin442、bin443、bin444、bin445、bin446、bin447、bin448、bin449、bin450、bin451、bin452、bin453、bin454、bin455、bin456、bin457、bin458、bin459、bin460、bin461、bin462、bin463、bin464、bin465、bin466、bin467、bin468、bin469、bin470、bin471、bin472、bin473、bin474、bin475、bin476、bin477、bin478、bin479、bin480、bin481、bin482、bin483、bin484、bin485、bin486、bin487、bin488、bin489、bin490、bin491、bin492、bin493、bin494、bin495、bin496、bin497、bin498、bin499、bin500、bin501、bin502、bin503、bin504、bin505、bin506、bin507、bin508、bin509、bin510、bin511、bin512、bin513、bin514、bin515、bin516、bin517、bin518、bin519、bin520、bin521、bin522、bin523、bin524、bin525、bin526、bin527、bin528、bin529、bin530、bin531、bin532、bin533、bin534、bin535、bin536、bin537、bin538、bin539、bin540、bin541、bin542、bin543、bin544、bin545、bin546、bin547、bin548、bin549、bin550、bin551、bin552、bin553、bin554、bin555、bin556、bin557、bin558、bin559、bin560、bin561、bin562、bin563、bin564、bin565、bin566、bin567、bin568、bin569、bin570、bin571、bin572、bin573、bin574、bin575、bin576、bin577、bin578、bin579、bin580、bin581、bin582、bin583、bin584、bin585、bin586、bin587、bin588、bin589、bin590、bin591、bin592、bin593、bin594、bin595、bin596、bin597、bin598、bin599、bin600、bin601、bin602、bin603、bin604、bin605、bin606、bin607、bin608、bin609、bin610、bin611、bin612、bin613、bin614、bin615、bin616、bin617、bin618、bin619、bin620、bin621、bin622、bin623、bin624、bin625、bin626、bin627、bin628、bin629、bin630、bin631、bin632、bin633、bin634、bin635、bin636、bin637、bin638、bin639、bin640、bin641、bin642、bin643、bin644、bin645、bin646、bin647、bin648、bin649、bin650、bin651、bin652、bin653、bin654、bin655、bin656、bin657、bin658、bin659、bin660、bin661、bin662、bin663、bin664、bin665、bin666、bin667、bin668、bin669、bin670、bin671、bin672、bin673、bin674、bin675、bin676、bin677、bin678、bin679、bin680、bin681、bin682、bin683、bin684、bin685、bin686、bin687、bin688、bin689、bin690、bin691、bin692、bin693、bin694、bin695、bin696、bin697、bin698、bin699、bin700、bin701、bin702、bin703、bin704、bin705、bin706、bin707、bin708、bin709、bin710、bin711、bin712、bin713、bin714、bin715、bin716、bin717、bin718、bin719、bin720、bin721、bin722、bin723、bin724、bin725、bin726、bin727、bin728、bin729、bin730、bin731、bin732、bin733、bin734、bin735、bin736、bin737、bin738、bin739、bin740、bin741、bin742、bin743、bin744、bin745、bin746、bin747、bin748、bin749、bin750、bin751、bin752、bin753、bin754、bin755、bin756、bin757、bin758、bin759、bin760、bin761、bin762、bin763、bin764、bin765、bin766、bin767、bin768、bin769、bin770、bin771、bin772、bin773、bin774、bin775、bin776、bin777、bin778、bin779、bin780、bin781、bin782、bin783、bin784、bin785、bin786、bin787、bin788、bin789、bin790、bin791、bin792、bin793、bin794、bin795、bin796、bin797、bin798、bin799、bin800、bin801、bin802、bin803、bin804、bin805、bin806、bin807、bin808、bin809、bin810、bin811、bin812、bin813、bin814、bin815、bin816、bin817、bin818、bin819、bin820、bin821、bin822、bin823、bin824、bin825、bin826、bin827、bin828、bin829、bin830、bin831、bin832、bin833、bin834、bin835、bin836、bin837、bin838、bin839、bin840、bin841、bin842、bin843、bin844、bin845、bin846、bin847、bin848、bin849、bin850、bin851、bin852、bin853、bin854、bin855、bin856、bin857、bin858、bin859、bin860、bin861、bin862、bin863、bin864、bin865、bin866、bin867、bin868、bin869、bin870、bin871、bin872、bin873、bin874、bin875、bin876、bin877、bin878、bin879、bin880、bin881、bin882、bin883、bin884、bin885、bin886、bin887、bin888、bin889、bin890、bin891、bin892、bin893、bin894、bin895、bin896、bin897、bin898、bin899、bin900、bin901、bin902、bin903、bin904、bin905、bin906、bin907、bin908、bin909、bin910、bin911、bin912、bin913、bin914、bin915、bin916、bin917、bin918、bin919、bin920、bin921、bin922、bin923、bin924、bin925、bin926、bin927、bin928、bin929、bin930、bin931、bin932、bin933、bin934、bin935、bin936、bin937、bin938、bin939、bin940、bin941、bin942、bin943、bin944、bin945、bin946、bin947、bin948、bin949、bin950、bin951、bin952、bin953、bin954、bin955、bin956、bin957、bin958、bin959、bin960、bin961、bin962、bin963、bin964、bin965、bin966、bin967、bin968、bin969、bin970、bin971、bin972、bin973、bin974、bin975、bin976、bin977、bin978、bin979、bin980、bin981、bin982、bin983、bin984、bin985、bin986、bin987、bin988、bin989、bin990、bin991、bin992、bin993、bin994、bin995、bin996、bin997、bin998、bin999、yas_load_time
dws_ws_hardbin_wd2,wafer_id、test_time、product_type、fab_site_id、owning_fab、current_fab、product_id、test_step、operator_id、end_time、die_tested、die_passed、yield、lot_id、cmos_lot_id、cmos_wafer_id、production_ind、grade、bin1、bin2、bin3、bin4、bin5、bin6、bin7、bin8、bin9、bin10、bin11、bin12、bin13、bin14、bin15、bin16、bin17、bin18、bin19、bin20、bin21、bin22、bin23、bin24、bin25、bin26、bin27、bin28、bin29、bin30、bin31、bin32、bin33、bin34、bin35、bin36、bin37、bin38、bin39、bin40、bin41、bin42、bin43、bin44、bin45、bin46、bin47、bin48、bin49、bin50、bin51、bin52、bin53、bin54、bin55、bin56、bin57、bin58、bin59、bin60、bin61、bin62、bin63、bin64、bin65、bin66、bin67、bin68、bin69、bin70、bin71、bin72、bin73、bin74、bin75、bin76、bin77、bin78、bin79、bin80、bin81、bin82、bin83、bin84、bin85、bin86、bin87、bin88、bin89、bin90、bin91、bin92、bin93、bin94、bin95、bin96、bin97、bin98、bin99、bin100、bin101、bin102、bin103、bin104、bin105、bin106、bin107、bin108、bin109、bin110、bin111、bin112、bin113、bin114、bin115、bin116、bin117、bin118、bin119、bin120、bin121、bin122、bin123、bin124、bin125、bin126、bin127、bin128、bin129、bin130、bin131、bin132、bin133、bin134、bin135、bin136、bin137、bin138、bin139、bin140、bin141、bin142、bin143、bin144、bin145、bin146、bin147、bin148、bin149、bin150、bin151、bin152、bin153、bin154、bin155、bin156、bin157、bin158、bin159、bin160、bin161、bin162、bin163、bin164、bin165、bin166、bin167、bin168、bin169、bin170、bin171、bin172、bin173、bin174、bin175、bin176、bin177、bin178、bin179、bin180、bin181、bin182、bin183、bin184、bin185、bin186、bin187、bin188、bin189、bin190、bin191、bin192、bin193、bin194、bin195、bin196、bin197、bin198、bin199、bin200、bin201、bin202、bin203、bin204、bin205、bin206、bin207、bin208、bin209、bin210、bin211、bin212、bin213、bin214、bin215、bin216、bin217、bin218、bin219、bin220、bin221、bin222、bin223、bin224、bin225、bin226、bin227、bin228、bin229、bin230、bin231、bin232、bin233、bin234、bin235、bin236、bin237、bin238、bin239、bin240、bin241、bin242、bin243、bin244、bin245、bin246、bin247、bin248、bin249、bin250、bin251、bin252、bin253、bin254、bin255、bin256、bin257、bin258、bin259、bin260、bin261、bin262、bin263、bin264、bin265、bin266、bin267、bin268、bin269、bin270、bin271、bin272、bin273、bin274、bin275、bin276、bin277、bin278、bin279、bin280、bin281、bin282、bin283、bin284、bin285、bin286、bin287、bin288、bin289、bin290、bin291、bin292、bin293、bin294、bin295、bin296、bin297、bin298、bin299、bin300、bin301、bin302、bin303、bin304、bin305、bin306、bin307、bin308、bin309、bin310、bin311、bin312、bin313、bin314、bin315、bin316、bin317、bin318、bin319、bin320、bin321、bin322、bin323、bin324、bin325、bin326、bin327、bin328、bin329、bin330、bin331、bin332、bin333、bin334、bin335、bin336、bin337、bin338、bin339、bin340、bin341、bin342、bin343、bin344、bin345、bin346、bin347、bin348、bin349、bin350、bin351、bin352、bin353、bin354、bin355、bin356、bin357、bin358、bin359、bin360、bin361、bin362、bin363、bin364、bin365、bin366、bin367、bin368、bin369、bin370、bin371、bin372、bin373、bin374、bin375、bin376、bin377、bin378、bin379、bin380、bin381、bin382、bin383、bin384、bin385、bin386、bin387、bin388、bin389、bin390、bin391、bin392、bin393、bin394、bin395、bin396、bin397、bin398、bin399、bin400、bin401、bin402、bin403、bin404、bin405、bin406、bin407、bin408、bin409、bin410、bin411、bin412、bin413、bin414、bin415、bin416、bin417、bin418、bin419、bin420、bin421、bin422、bin423、bin424、bin425、bin426、bin427、bin428、bin429、bin430、bin431、bin432、bin433、bin434、bin435、bin436、bin437、bin438、bin439、bin440、bin441、bin442、bin443、bin444、bin445、bin446、bin447、bin448、bin449、bin450、bin451、bin452、bin453、bin454、bin455、bin456、bin457、bin458、bin459、bin460、bin461、bin462、bin463、bin464、bin465、bin466、bin467、bin468、bin469、bin470、bin471、bin472、bin473、bin474、bin475、bin476、bin477、bin478、bin479、bin480、bin481、bin482、bin483、bin484、bin485、bin486、bin487、bin488、bin489、bin490、bin491、bin492、bin493、bin494、bin495、bin496、bin497、bin498、bin499、bin500、bin501、bin502、bin503、bin504、bin505、bin506、bin507、bin508、bin509、bin510、bin511、bin512、bin513、bin514、bin515、bin516、bin517、bin518、bin519、bin520、bin521、bin522、bin523、bin524、bin525、bin526、bin527、bin528、bin529、bin530、bin531、bin532、bin533、bin534、bin535、bin536、bin537、bin538、bin539、bin540、bin541、bin542、bin543、bin544、bin545、bin546、bin547、bin548、bin549、bin550、bin551、bin552、bin553、bin554、bin555、bin556、bin557、bin558、bin559、bin560、bin561、bin562、bin563、bin564、bin565、bin566、bin567、bin568、bin569、bin570、bin571、bin572、bin573、bin574、bin575、bin576、bin577、bin578、bin579、bin580、bin581、bin582、bin583、bin584、bin585、bin586、bin587、bin588、bin589、bin590、bin591、bin592、bin593、bin594、bin595、bin596、bin597、bin598、bin599、bin600、bin601、bin602、bin603、bin604、bin605、bin606、bin607、bin608、bin609、bin610、bin611、bin612、bin613、bin614、bin615、bin616、bin617、bin618、bin619、bin620、bin621、bin622、bin623、bin624、bin625、bin626、bin627、bin628、bin629、bin630、bin631、bin632、bin633、bin634、bin635、bin636、bin637、bin638、bin639、bin640、bin641、bin642、bin643、bin644、bin645、bin646、bin647、bin648、bin649、bin650、bin651、bin652、bin653、bin654、bin655、bin656、bin657、bin658、bin659、bin660、bin661、bin662、bin663、bin664、bin665、bin666、bin667、bin668、bin669、bin670、bin671、bin672、bin673、bin674、bin675、bin676、bin677、bin678、bin679、bin680、bin681、bin682、bin683、bin684、bin685、bin686、bin687、bin688、bin689、bin690、bin691、bin692、bin693、bin694、bin695、bin696、bin697、bin698、bin699、bin700、bin701、bin702、bin703、bin704、bin705、bin706、bin707、bin708、bin709、bin710、bin711、bin712、bin713、bin714、bin715、bin716、bin717、bin718、bin719、bin720、bin721、bin722、bin723、bin724、bin725、bin726、bin727、bin728、bin729、bin730、bin731、bin732、bin733、bin734、bin735、bin736、bin737、bin738、bin739、bin740、bin741、bin742、bin743、bin744、bin745、bin746、bin747、bin748、bin749、bin750、bin751、bin752、bin753、bin754、bin755、bin756、bin757、bin758、bin759、bin760、bin761、bin762、bin763、bin764、bin765、bin766、bin767、bin768、bin769、bin770、bin771、bin772、bin773、bin774、bin775、bin776、bin777、bin778、bin779、bin780、bin781、bin782、bin783、bin784、bin785、bin786、bin787、bin788、bin789、bin790、bin791、bin792、bin793、bin794、bin795、bin796、bin797、bin798、bin799、bin800、bin801、bin802、bin803、bin804、bin805、bin806、bin807、bin808、bin809、bin810、bin811、bin812、bin813、bin814、bin815、bin816、bin817、bin818、bin819、bin820、bin821、bin822、bin823、bin824、bin825、bin826、bin827、bin828、bin829、bin830、bin831、bin832、bin833、bin834、bin835、bin836、bin837、bin838、bin839、bin840、bin841、bin842、bin843、bin844、bin845、bin846、bin847、bin848、bin849、bin850、bin851、bin852、bin853、bin854、bin855、bin856、bin857、bin858、bin859、bin860、bin861、bin862、bin863、bin864、bin865、bin866、bin867、bin868、bin869、bin870、bin871、bin872、bin873、bin874、bin875、bin876、bin877、bin878、bin879、bin880、bin881、bin882、bin883、bin884、bin885、bin886、bin887、bin888、bin889、bin890、bin891、bin892、bin893、bin894、bin895、bin896、bin897、bin898、bin899、bin900、bin901、bin902、bin903、bin904、bin905、bin906、bin907、bin908、bin909、bin910、bin911、bin912、bin913、bin914、bin915、bin916、bin917、bin918、bin919、bin920、bin921、bin922、bin923、bin924、bin925、bin926、bin927、bin928、bin929、bin930、bin931、bin932、bin933、bin934、bin935、bin936、bin937、bin938、bin939、bin940、bin941、bin942、bin943、bin944、bin945、bin946、bin947、bin948、bin949、bin950、bin951、bin952、bin953、bin954、bin955、bin956、bin957、bin958、bin959、bin960、bin961、bin962、bin963、bin964、bin965、bin966、bin967、bin968、bin969、bin970、bin971、bin972、bin973、bin974、bin975、bin976、bin977、bin978、bin979、bin980、bin981、bin982、bin983、bin984、bin985、bin986、bin987、bin988、bin989、bin990、bin991、bin992、bin993、bin994、bin995、bin996、bin997、bin998、bin999、yas_load_time
dws_ws_hardbin_wf,wafer_id、start_time、bin_code、bin_name、bin_flag、die_tested、die_passed、yield、bin_ratio、bin_ratio_zone1、bin_ratio_zone2、bin_ratio_zone3、bin_ratio_zone4、bin_ratio_zone5、end_time、fab_site_id、owning_fab、current_fab、product_type、product_id、lot_id、tester_id、prober_id、prober_recipe、probecard_id、production_ind、program、program_rev、grade、sort_type、test_step、notch、operator_id、cmos_lot_id、cmos_wafer_id、retest_flag、rework_flag、yas_load_time
dws_ws_ics_die,wafer_id、start_time、die_x、die_y、test_item、parameter、wl_id、wl_cnt、wl_cnt_zone1、wl_cnt_zone2、wl_cnt_zone3、wl_cnt_zone4、wl_cnt_zone5、end_time、test_number、owning_fab、fab_site_id、current_fab、product_type、product_id、lot_id、tester_id、prober_id、prober_recipe、probecard_id、production_ind、program、program_rev、grade、sort_type、test_step、notch、operator_id、cmos_lot_id、cmos_wafer_id、retest_flag、rework_flag、yas_load_time
dws_ws_ics_wf,wafer_id、start_time、test_item、parameter、wl_id、wl_cnt、die_cnt、avg、std、min、max、range、q1、q2、q3、p1、p5、p10、p90、p99、wl_cnt_zone1、wl_cnt_zone2、wl_cnt_zone3、wl_cnt_zone4、wl_cnt_zone5、end_time、test_number、owning_fab、fab_site_id、current_fab、product_type、product_id、lot_id、tester_id、prober_id、prober_recipe、probecard_id、production_ind、program、program_rev、grade、sort_type、test_step、notch、operator_id、cmos_lot_id、cmos_wafer_id、retest_flag、rework_flag、yas_load_time
dws_ws_leakage_wf,wafer_id、start_time、test_item、parameter、plane_id、wl_id、count、end_time、test_number、owning_fab、fab_site_id、current_fab、product_type、product_id、lot_id、tester_id、prober_id、prober_recipe、probecard_id、production_ind、program、program_rev、grade、sort_type、test_step、notch、operator_id、cmos_lot_id、cmos_wafer_id、retest_flag、rework_flag、yas_load_time
dws_ws_param_wf,wafer_id、start_time、test_item、parameter、die_cnt、avg、std、min、max、range、q1、q2、q3、p1、p5、p10、p90、p95、p99、end_time、test_number、fab_site_id、owning_fab、current_fab、product_type、product_id、lot_id、tester_id、prober_id、prober_recipe、probecard_id、production_ind、program、program_rev、grade、sort_type、test_step、notch、operator_id、cmos_lot_id、cmos_wafer_id、retest_flag、rework_flag、yas_load_time
dws_ws_pcollevel_wf,wafer_id、start_time、test_item、parameter、plane_id、column_type、pcol_cnt、end_time、test_number、fab_site_id、owning_fab、current_fab、product_type、product_id、lot_id、tester_id、prober_id、prober_recipe、probecard_id、production_ind、program、program_rev、grade、sort_type、test_step、notch、operator_id、cmos_lot_id、cmos_wafer_id、retest_flag、rework_flag、yas_load_time
dws_ws_rdmargin_wf,wafer_id、start_time、test_item、parameter、wl_id、count、avg、std、min、max、range、q1、q2、q3、p1、p5、p10、p90、p95、p99、end_time、test_number、fab_site_id、owning_fab、current_fab、product_type、product_id、lot_id、tester_id、prober_id、prober_recipe、probecard_id、production_ind、program、program_rev、grade、sort_type、test_step、notch、operator_id、cmos_lot_id、cmos_wafer_id、retest_flag、rework_flag、yas_load_time
